Speaker,Speech
A, Hai B how are you doing?
B, I'm doing good A.
A, Where is your mask?
B, I feel so exhausted with all these COVID protocols; I'm not going to wear a mask anymore or follow social distancing.
A, This is not so good B. What you are doing is so against the safety measures by the government!
A, All these safety measures are for people like us. This will save so many lives.
B, I'm so done with all these safety measures Sneha. I'm feeling terrible about not having a normal life.
A, Please bear all this for some more time. All of this will end soon. Please follow social distancing in public places.
B, Oh! No A.
A, Social distancing wearing masks and sanitizing will contain the spread of the coronavirus and saves so many lives. Do this for the welfare of our family members at least! Do you want to lose them?
B, No I don't want to lose them they are important to me. Ok A I will follow all the safety measures including social distancing. I'm sorry for what I did!