Speaker,Speech
A , Hi B how are you?
B , I am fine thank you friend. I am a bit sacred. By the way how are you?
A , I am good. Why are you scared? Please tell me if you don't mind.
B , Actually today morning two families of our society were found to be covid positive. They have been taken to hospital. Our society is totally sealed now. No one can enter and no one can go out of the society.
A , That's dangerous! Are you and your family safe?
B , Yes we have done our test and it came out to be negative.
A , Strictly maintain social distancing and take precautions like sanitizing. Sanitize every products or things that you bring to your home. Wash your hands very often. And avoid touching your eyes nose ears etc.
B , Yes A thank you for your caring nature.
A , Mention not! Social distancing is very necessary to eradicate this virus. Stay safe and take care your family too.
B , Absolutely! Thank You!
