Speaker,Speech
A, Hey B.
B, Hi A.
A, How are you?
B, I am fine. How are you?
A, I am also fine. Your father runs a supermarket right?
B, Yes just down the street.
A, Don’t you think it is risky during this pandemic?
B, Yes of course it is very risky but we have to open the store. Also we try to keep all the precautions.
A, That is great! Are you taking proper care about social distancing?
B, Yes we are taking care of that. We have drawn circles at a distance of 2 meters for people to stand in.
A, That is great! I hope you all will be safe.
B, Yes thank you. You too.