A,Hi A. How have you been?
B,Hi B. I am good. How are you? How're online classes going on?
A,Online classes? I am just frustrated with all these classes.
B,But why? You always wanted to attend online classes.
A,Yes I always wanted to attend online classes but there are so many loopholes of online classes.
B,Loopholes? What do you mean?
A,First of all you need an internet connection secondly you should have a mobile phone or a computer. My parents are not rich enough to buy me a laptop so I used to take my classes on a mobile phone.
B,Oh okay. Maybe you're right. Offline classes or the classes held in the schools do not need such equipment.
A,Yes. Moreover sometimes I cannot respond to the teacher because due to technological errors I could not see her solving the question.
B,Yeah. That's a problem. Anyway I hope to see you at school.
A,Yeah. Me too.
B,Bye.
