Speaker,Speech
B , Hello A how are you ?
A , Fine thank you. And how about you ?
B , I’m also fine A. We are in intermediate class. So we must choose our career now.
A , You are quite right. Success in life depends on the right choice of career.
B , We must choose our career properly. May I know your choice of career?
A , Yes of course. I have decided to become a doctor. Do you like this profession?
B , Yes I do. It is a  good profession. Could you tell me why you have chosen this profession?
A , Most of our people are deprived of the service of the doctors.
B , Yes there are shortage of good doctors in our country. They people who live in the villages cannot consult a good doctor.
A , I want to serve the people.
B , Are you willing to go to the villagers if necessary?
A , Yes of course.  Through  this profession I will be able to earn money  honestly. Well could you tell me about your choice of career?
B  , Of course. I want to be an agriculture officer.
A , Most students like to be doctor or Engineer or administrator. Why not you?
B , Our country is an agricultural country. Our economy depends on agriculture.
A , Yes it is right. Please tell me about your plan.
B , I will get myself  admitted into an Agricultural University. After completing my education I will join the service of agriculture cadre. I will make research on agriculture.
A , It’s a noble profession too.
B , I’ll teach  the farmers  about the modern method  of cultivation.
A , I appreciate your plan.
B , Choosing career is not enough. We must work hard to fulfill our plan.
A , Of course. We must do well in the H.S.C Examination otherwise we will not be able to become a doctor or an agriculture officer.
B , Of course .Thank you A. It was really nice speaking to you.
A , You’re welcome. Good bye. See you again.
B , Bye.