Speaker,Speech
A, My friend B. What are you doing?
B, Nothing serious dear. I am trying to solve this puzzle.
A, Good! Does a puzzle interest you?
B, A lot friend.
A, Very good! I think you would become a very good engineer then.
B, Excuse me friend! I don’t like machines.
A, But you are so good at mathematics! I thought you liked engineering.
B, No dear. I like physics very much. So I want to study physics and become a scientist.
A, Physics! What good would you do by being a scientist?
B, Well I would become a scientist and research into the mystery of the origin of the universe. That would be interesting like solving the biggest puzzle. Besides I also like teaching. That would give me the opportunity to work with more brilliant students.
A,  I see the puzzle. So how would you like to proceed with your target?
B,  I have forgotten to tell you one thing. I took part in a competition arranged by American Embassy. I became the first there and they have offered me a scholarship at the University of California to study physics.
A, Oh! I see. I am really proud of you. You are a genius indeed. But will you be able to stay there alone?
B, I will really miss you my parents and my younger sister. But I should avail the opportunity of my better future shouldn’t I?
A, Of course! Well then go ahead to materialize your dream. May the Almighty fulfill your dream!
B, What’s your future plan?
A, I want to be a journalist. I would like to study journalism in Dhaka University.
B, That’s great! May God bless you to achieve your goal.
A, Nice to talk to you about such an important issue.
B, Now I have got to leave.
A, It’s all right.
B, Then by for now.
A, Bye.