Speaker,Speech
A, Hi how are you today?
B, I am quite fine my dear. What about you? You look so upset today.
A, Yeah I am a little bit confused about my future. I am unable to decide what should a choice between the Math and Biology.
B, Oh I see. What you think is best for you?
A, My father is a doctor and he wants me to become a doctor. He has advised me to study Biology in college. I have attended a few lectures of Biology but I don't think I like it.
B, So you are interested in Math. Aren't you?
A, No not really. I am interested in IT and Computer. You know I love to be among technological products. I have a handsome knowledge about internet and networking. I want to become an IT engineer. But my father won't allow it.
B, Oh that's really sad. Have you talked to your father about it?
A, No not yet. I fear he will insult me. Actually I am afraid of talking to my father about it.
B, Look this is the matter of your future. You must talk to your father about it. Just try to convince him to accept your point of view.
A, I don't want to become a doctor. SO why should I study biology?
B, There are other fields like fisheries agriculture animal husbandry forestry genetic engineering horticulture etc you can go in with biology as your major.
A, I think engineers can create something new but doctors won't. So that's why I want to become an engineer.
B, All professions and all fields are of high scope if you work hard and apply innovation. You can still study biology and become a genetic engineer if you have interest.
A, Is it possible with biology as a major in 1st year?
B, Yeah it is.
A, First of all let me talk to my father to know if he allows me to study Math. Otherwise I will study biology to go into Genetic Engineering.
B, Yeah sure.
A, Thanks for your time and suggestions friend.
B, It's my pleasure. Take care.
A, Have a good day.