Speaker,Speech
A, Hello B. It is nice to see you after such a long time. Where have you been?
B, Hello A it's nice to see you too. I've been busy in preparing for my engineering entrance examinations.
A, That is great! I did not know you wanted to become an engineer.
B, I've always had a natural inclination towards a mechanical occupation so I want to become an engineer. What are you going to do?
A, I have always loved teaching. Wish to become a good teacher like my mother. Do you remember how we used to imitate our teachers during our school days?
B, No doubt you have all the qualities of a good teacher. I have seen you guide your younger brother do his homework. You will be a very good teacher.
A, Thanks B. I just hope I achieve my goal of becoming a competent teacher and share my knowledge with the students for their future.
B, That is a very nice thought A. There are many responsibilities that a teacher has to shoulder. It is a difficult job although it's a very noble profession.
A, You are right. I have seen my mother getting upset when her students don't perform well and getting overjoyed when they pass with flying colors. She holds herself responsible for the well-being of each and every student.
B, Yes that is the reason of her being the most beloved teacher of our school till date. I remember her brilliance as a teacher when I was in her class. Please convey my regards to her.
A, Thanks B. I will surely convey your regards to her.
B, Hope to see you soon. Wish you all the best in all your endeavors Jane.
A, Thanks B. I wish you the same. Bye.
B, Bye. Take care.