Speaker,Speech
A , Hello  B . It’s been a long time since we’ve met . How are you ?
B , Oh  I’ve been fine . Busy looking up the newspaper trying to decide on a career ! What about you ?
A , Well  I’ve been doing this and that . Oh and yes I too have been scouring the classified section of the newspapers. What have you decided on ?
B , I’ve not decided on anything so far but I’m considering teaching or the law .
A , Oh is that so ? Well  you’ve always been a good student and a good speaker . You’ve also got a sharp mind for details . I think any one of these careers would be good for you .
B ,  And what about you ?
A ,  I’ve always been good at mathematics and so am considering studying to be a Chartered Accountant .
B , That’s a good line as any  but you will have to study Economics and Book Keeping  which are definitely not my piece of cake .
A ,  Well  each to his own .  Let’s see what the future holds for us . Best of luck in your endeavours!
B ,  Wish you the same.
